,age of subject,time spent on online class,time spent on self study,time spent on fitness,time spent on sleep,time spent on social media,time spent on tv,number of meals per day
0,21,2.0,4.0,0.0,7.0,3.0,1,4
1,21,0.0,0.0,2.0,10.0,3.0,0,3
2,20,7.0,3.0,0.0,6.0,2.0,0,3
3,20,3.0,2.0,1.0,6.0,5.0,0,3
4,21,3.0,3.0,1.0,8.0,3.0,1,4
5,21,0.0,6.0,0.0,5.0,1.0,0,1
6,19,2.0,2.0,1.0,5.0,4.0,0,3
7,19,2.0,1.0,1.0,10.0,5.0,0,3
8,21,3.0,4.0,1.0,8.0,2.0,1,3
9,20,0.0,1.0,0.5,8.0,5.0,3,3
10,21,3.0,3.0,1.0,8.0,3.0,1,4
11,21,1.0,0.0,1.0,7.0,3.0,1,2
12,21,3.0,0.0,0.0,8.0,3.0,0,3
13,20,5.0,1.0,0.0,8.0,3.0,0,3
14,22,3.0,3.0,1.0,6.0,2.0,1,3
15,20,0.0,0.0,0.0,8.0,2.0,1,3
16,20,1.0,2.0,1.0,8.0,1.0,0,3
17,21,0.0,4.0,0.0,7.0,7.0,n,2
18,22,5.0,2.0,1.0,8.0,4.0,0,3
19,20,4.0,5.0,0.0,6.0,2.0,1,2
20,21,5.0,2.0,1.0,10.0,5.0,2,3
21,21,4.0,1.0,0.0,8.0,6.0,1,4
22,21,4.0,2.0,1.0,7.0,1.0,0,3
23,20,3.0,4.0,2.0,9.0,2.0,1,3
24,20,5.0,2.0,0.0,9.0,5.0,3,2
25,21,4.0,5.0,0.0,8.0,3.0,0,2
26,20,3.0,6.0,0.0,9.0,2.0,0,2
27,31,8.0,4.0,1.0,6.0,2.0,0.5,3
28,22,4.0,6.0,1.0,5.0,3.0,0,4
29,19,4.0,5.0,1.0,7.0,2.0,1,2
30,23,4.0,18.0,1.0,8.0,2.0,0,2
31,22,5.0,1.0,0.0,6.0,2.0,0.5,3
32,21,6.0,2.0,1.0,8.0,3.0,1,3
33,17,4.0,1.0,1.0,7.0,1.5,0,3
34,20,4.0,2.0,0.0,8.0,2.0,0,3
35,22,1.0,2.0,0.5,8.0,2.0,2,3
36,24,4.0,4.0,2.0,6.0,4.0,0,4
37,21,0.0,0.0,0.0,10.0,8.0,1,4
38,20,7.0,2.0,1.0,8.0,2.0,2,4
39,21,5.0,3.0,1.0,8.0,1.0,0,2
40,18,2.0,2.0,3.0,12.0,1.0,0,4
41,22,3.0,2.0,0.0,8.0,1.0,0,4
42,20,2.0,6.0,2.0,7.0,1.0,3,6
43,20,2.0,3.0,0.0,6.0,2.0,0,3
44,21,3.0,4.0,2.0,8.0,2.0,0,4
45,18,4.0,2.0,0.0,8.0,4.0,0,3
46,19,0.0,1.0,0.0,8.0,2.0,2,3
47,20,5.0,6.0,1.0,7.0,2.0,0,3
48,21,3.0,17.0,0.0,5.0,1.0,0,3
49,19,0.0,2.0,2.0,10.0,1.0,0.5,4
50,21,4.0,4.0,1.0,8.0,2.0,2,4
51,19,4.0,2.0,0.0,7.0,1.0,0,3
52,19,2.0,2.0,2.0,8.0,1.0,0,4
53,18,1.0,8.0,0.0,8.0,5.0,2,3
54,20,5.0,1.0,1.0,7.0,1.0,0,3
55,21,0.0,5.0,0.0,8.0,1.0,1,3
56,22,6.0,6.0,0.0,6.0,1.0,0,2
57,20,3.0,6.0,1.0,8.0,1.0,2,4
58,18,0.0,2.0,1.0,6.0,5.0,0,1
59,20,2.0,0.0,1.0,8.0,2.0,0,3
60,23,2.0,1.0,1.0,7.0,5.0,1,4
61,20,4.0,4.0,2.0,7.0,2.0,1,3
62,18,3.0,1.0,1.0,8.0,3.0,0.5,4
63,20,1.5,3.0,2.0,9.0,1.0,1,2
64,19,2.0,2.0,1.0,8.0,5.0,0,4
65,20,2.0,3.0,1.0,6.0,2.0,1,4
66,22,6.0,4.0,0.0,7.0,2.0,0,1
67,20,2.0,2.0,0.0,7.0,3.0,2,2
68,19,1.0,0.5,1.0,7.0,5.0,2,3
69,18,3.0,2.0,2.0,8.0,8.0,0,4
70,19,3.0,5.0,0.0,5.0,4.0,0,2
71,19,0.0,1.0,1.0,8.0,2.0,0,3
72,20,3.0,3.0,0.0,10.0,10.0,4.5,3
73,20,3.0,0.0,1.0,8.0,5.0,1,3
74,21,5.0,5.0,0.0,8.0,7.0,1,2
75,21,3.0,2.0,1.0,10.0,1.0,0,3
76,19,2.0,2.0,0.5,9.0,3.0,1,2
77,20,0.0,1.0,1.0,12.0,2.0,2,2
78,21,1.0,8.0,0.0,10.0,1.0,0,3
79,19,2.0,2.0,1.0,8.0,5.0,0,4
80,20,5.0,3.0,1.0,7.0,1.5,0,3
81,21,4.0,3.0,1.0,8.0,1.0,0,3
82,18,3.0,4.0,1.0,7.0,1.0,0,4
83,19,4.0,3.0,1.0,7.0,3.0,2,3
84,25,4.0,3.0,1.0,7.0,1.0,0,3
85,19,0.0,4.0,1.0,8.0,1.0,0,3
86,19,4.0,0.0,0.0,8.0,2.0,1.5,3
87,20,4.0,2.0,2.0,8.0,6.0,0,3
88,20,2.0,3.0,1.0,5.0,4.0,1,3
89,19,5.0,3.0,1.0,8.0,2.0,0,2
90,19,3.0,1.0,0.0,10.0,4.0,0,3
91,22,2.0,0.0,0.0,12.0,4.0,2,3
92,21,1.0,3.0,2.0,10.0,1.0,2,4
93,21,1.0,2.0,1.0,8.0,1.0,0,3
94,16,6.0,2.0,2.0,7.0,2.0,1,3
95,21,3.0,5.0,0.0,8.0,7.0,1,2
96,21,4.0,4.0,1.0,7.0,1.0,0,4
97,16,3.0,3.0,1.0,7.0,3.0,1,2
98,21,2.0,7.0,2.0,8.0,0.5,0,5
99,23,4.0,6.0,1.0,8.0,0.3,0,3
100,19,2.0,1.5,1.0,7.0,2.0,N,2
101,20,1.0,2.0,1.0,8.0,1.0,0,3
102,18,2.0,3.0,1.0,8.0,1.0,1,3
103,10,3.0,3.0,0.0,10.0,1.0,4,3
104,20,0.0,2.0,2.0,8.0,0.15,0.3,2
105,21,3.0,3.0,0.0,11.0,2.0,N,2
106,19,1.0,4.0,1.0,8.0,1.0,0,4
107,14,5.0,4.0,1.0,7.0,4.0,1,5
108,18,2.0,3.0,1.0,10.0,2.0,0,3
109,18,3.0,6.0,0.0,7.0,3.0,1,3
110,24,4.0,8.0,1.0,8.0,2.0,2,3
111,14,3.0,5.0,1.0,12.0,0.3,1,3
112,21,4.0,2.0,2.0,7.0,2.0,1,3
113,19,2.0,6.0,1.0,6.0,1.0,0,3
114,18,2.5,2.0,1.0,8.0,1.0,0,4
115,23,6.0,5.0,1.0,6.0,1.0,0,3
116,21,4.0,4.0,1.0,8.0,1.0,0,3
117,18,5.0,3.0,0.0,9.0,7.0,0,3
118,19,1.0,2.0,0.0,7.0,1.0,0,2
119,20,5.0,4.0,1.0,7.0,2.0,1,3
120,20,2.0,3.0,0.5,6.5,1.0,0.5,3
121,19,2.0,4.0,1.0,8.0,2.0,0,4
122,15,1.0,3.0,1.0,6.0,4.0,1.5,4
123,20,3.0,3.0,0.0,9.0,2.0,2,2
124,17,6.0,4.0,1.0,8.0,1.0,1,2
125,18,2.0,2.0,1.0,9.0,2.0,2,2
126,20,2.0,4.0,0.0,10.0,4.0,2,3
127,18,5.0,1.0,1.0,8.0,1.0,0,4
128,22,0.1,2.5,1.0,12.0,0.3,0,5
129,18,3.0,5.0,1.0,7.0,2.0,0,3
130,15,4.0,2.0,0.5,6.0,1.0,1,3
131,22,1.0,10.0,1.0,7.0,1.0,0,3
132,19,3.0,2.0,1.0,9.0,1.0,0,3
133,20,3.0,5.0,0.0,7.0,2.0,1,2
134,20,3.0,3.0,0.0,9.0,2.0,2,2
135,18,2.0,6.0,1.0,7.0,1.0,1,2
136,19,2.0,2.0,2.0,8.0,2.0,3,2
137,14,4.0,2.0,1.0,8.0,2.0,1,3
138,20,6.0,1.0,1.0,6.0,1.0,0,3
139,20,3.0,2.0,1.0,8.0,2.0,2,3
140,19,6.0,3.0,0.0,7.0,2.0,0.5,2
141,19,1.0,1.0,1.0,10.0,1.0,0,3
142,18,2.0,2.0,1.0,10.0,2.0,0,3
143,21,4.0,4.0,1.0,8.0,2.0,0,3
144,15,4.0,7.0,2.0,6.0,1.0,1,4
145,20,5.0,3.0,1.0,8.0,2.0,3,4
146,21,1.0,3.0,0.0,6.0,1.0,1,1
147,19,0.5,7.0,2.0,7.0,0.1,0,4
148,20,3.0,1.0,0.0,6.0,2.0,0,2
149,21,5.0,1.0,0.0,5.0,1.0,0,2
150,21,4.0,6.0,2.0,6.0,1.0,1,3
151,21,3.0,2.0,0.0,7.0,2.0,0,3
152,20,4.0,2.0,0.0,7.0,2.0,4,3
153,20,6.0,3.0,0.0,8.0,4.0,2,3
154,23,0.0,1.0,0.0,10.0,4.0,0,4
155,21,4.0,3.0,1.0,8.0,1.0,1,3
156,22,1.0,4.0,1.0,7.0,2.0,0,2
157,23,3.0,0.0,0.0,12.0,4.0,0,2
158,22,4.0,4.0,0.5,8.0,2.0,0,3
159,21,0.0,1.0,0.0,7.0,10.0,0,7
160,20,0.0,3.0,2.0,12.0,1.0,0,3
161,15,4.0,2.0,3.0,7.0,1.0,2,4
162,20,0.0,3.0,2.0,8.0,2.0,1,3
163,20,0.0,1.0,0.0,8.0,0.5,1,3
164,16,4.0,3.0,2.0,10.0,1.0,1,3
165,22,1.0,3.0,1.0,7.0,1.0,0,3
166,20,5.0,4.0,0.0,10.0,2.0,4,3
167,21,0.0,4.0,1.0,8.0,2.0,0,2
168,34,3.0,3.0,1.0,7.0,1.0,2,3
169,22,0.0,3.0,1.0,9.0,0.0,2,5
170,22,6.0,2.0,1.0,8.0,4.0,0,4
171,21,1.0,1.0,2.0,7.0,2.0,1,4
172,20,1.0,2.0,1.0,8.0,3.0,0,3
173,21,3.0,0.5,3.0,6.0,2.0,0,3
174,19,2.0,2.0,1.0,8.0,2.0,2,3
175,22,1.0,7.0,0.0,7.0,1.0,0,3
176,20,3.0,1.5,1.0,6.0,2.0,1.5,2
177,14,4.0,1.0,0.0,9.0,1.5,5,3
178,22,1.0,4.0,0.5,11.0,1.0,0,3
179,22,2.0,5.0,0.0,8.0,3.0,1,3
180,19,2.0,10.0,0.25,8.0,2.0,0,3
181,21,1.0,0.0,1.0,6.0,2.0,0,2
182,15,5.0,5.0,0.0,7.0,3.0,2,3
183,21,3.0,3.0,0.5,8.0,4.0,0,3
184,21,3.0,8.0,3.0,7.0,3.0,0,3
185,34,3.0,3.0,1.0,8.0,1.0,1,3
186,22,3.0,0.0,5.0,8.0,10.0,No tv,3
187,34,1.5,1.0,0.0,6.0,1.0,0,2
188,21,4.0,4.0,1.0,7.0,2.0,2,3
189,20,3.0,3.0,1.0,7.0,1.0,0,3
190,20,3.0,5.0,0.0,7.5,2.0,0.5,4
191,25,2.0,3.0,1.0,8.0,4.0,1,2
192,19,0.5,3.0,1.0,8.0,1.0,0,2
193,26,5.0,10.0,1.0,8.0,1.0,0.5,2
194,20,3.0,4.0,0.0,8.0,2.0,0,3
195,24,7.0,7.0,2.0,7.0,2.0,0,3
196,21,0.0,0.0,2.0,12.0,6.0,0,4
197,20,5.0,2.5,1.0,9.0,3.0,0.5,2
198,16,7.0,4.0,1.0,7.0,1.0,0,3
199,17,6.0,1.0,0.0,7.0,2.0,0,2
200,59,3.0,6.0,1.0,9.0,0.5,1,2
201,17,7.0,4.0,0.0,7.0,1.0,1,2
202,16,6.0,5.0,0.0,7.0,2.0,0,3
203,20,3.0,4.0,1.0,7.0,2.0,2,3
204,17,6.0,1.5,2.0,7.0,2.0,0.5,4
205,17,6.0,5.0,0.5,7.0,1.0,1,2
206,20,3.0,4.0,0.0,7.0,4.0,0,2
207,17,6.0,2.0,1.0,7.0,1.0,1,4
208,20,4.0,2.0,0.0,7.0,0.5,0.5,3
209,16,8.0,7.0,0.0,6.0,1.0,0.5,3
210,19,0.5,5.0,0.5,10.0,1.0,1,2
211,20,0.0,2.0,0.0,10.0,3.0,2,4
212,22,4.0,3.0,1.0,8.0,3.0,0,4
213,17,9.0,3.0,0.0,5.0,0.5,1,3
214,23,1.0,8.0,2.0,8.0,2.0,2,3
215,22,0.0,3.0,0.0,10.0,8.0,0,2
216,22,1.5,0.0,0.0,9.0,6.0,2,3
217,19,2.0,2.0,1.0,8.0,2.0,1,3
218,19,2.0,5.0,1.0,9.0,2.0,0,4
219,23,1.0,1.0,0.0,8.0,5.0,0,4
220,32,4.0,5.0,2.0,5.0,3.0,0,3
221,17,6.0,12.0,1.0,8.0,2.0,3,4
222,22,4.0,3.0,2.0,8.0,2.0,0.5,4
223,17,6.0,4.0,2.5,8.0,0.5,0,3
224,17,5.0,1.5,2.0,8.0,1.0,3,3
225,22,5.0,10.0,1.0,6.0,1.0,0,3
226,18,2.0,2.0,2.0,9.0,4.0,0,3
227,20,5.0,12.0,0.0,7.0,1.0,0,3
228,30,3.0,1.0,0.5,4.0,1.0,0.5,2
229,19,1.0,1.0,0.0,8.0,1.0,2,4
230,14,3.0,2.0,0.0,8.0,1.0,1,1
231,16,7.0,3.0,2.0,11.0,1.5,1,3
232,17,6.0,2.0,1.0,9.0,3.0,0.5,3
233,20,1.0,2.0,2.0,8.0,1.0,0,2
234,17,4.0,2.0,0.0,7.0,3.0,2,4
235,20,6.0,2.0,0.0,6.0,4.0,0,3
236,17,5.0,4.0,2.0,7.0,2.0,2,2
237,21,3.0,2.0,0.0,7.0,2.0,2,3
238,16,4.0,0.0,0.0,9.0,1.0,1,2
239,21,5.0,2.0,2.0,6.0,5.0,0,3
240,20,4.0,5.0,1.0,7.0,0.1,0,4
241,14,4.0,4.0,0.0,8.0,2.0,2,3
242,19,3.0,2.0,0.0,8.0,5.0,1.5,3
243,18,0.0,3.0,0.0,8.0,4.0,1,3
244,13,5.0,4.0,1.0,8.0,10.0,0,3
245,20,4.0,8.0,0.0,6.0,1.0,0,3
246,19,0.0,4.0,0.3,8.0,2.0,0,2
247,15,5.0,1.0,0.0,7.0,1.0,1.5,3
248,20,1.0,0.0,0.0,10.0,5.0,1,2
249,19,0.0,1.0,0.0,8.0,4.0,2,3
250,21,3.0,3.0,1.0,6.0,0.5,0.5,2
251,20,4.0,2.0,1.0,8.0,4.0,0,4
252,20,4.0,5.0,1.0,6.0,2.0,0.5,2
253,16,6.0,3.0,0.0,7.0,1.0,1,3
254,21,2.0,2.0,1.0,5.0,3.0,1,3
255,17,5.5,5.0,1.0,9.0,1.0,1,3
256,21,0.0,12.0,0.0,7.0,3.0,0,3
257,20,0.0,0.0,0.0,7.5,3.5,2,3
258,21,4.0,2.0,1.0,8.0,3.0,N,2
259,20,3.0,5.0,1.0,7.0,1.0,0,3
260,16,4.0,2.5,0.5,6.0,0.5,1,3
261,19,0.0,8.0,1.0,8.0,2.0,0,2
262,19,1.0,3.0,0.0,8.0,3.0,3,3
263,19,1.0,1.0,3.0,9.0,2.0,0,5
264,20,2.0,1.0,0.0,10.0,1.0,0,2
265,19,2.0,3.0,1.0,9.0,3.0,3,3
266,17,7.0,2.0,0.0,6.0,2.0,2,2
267,21,0.0,2.0,0.0,8.0,3.0,5,3
268,17,6.0,4.0,0.0,7.0,1.0,2,3
269,25,5.0,6.0,0.0,8.0,1.0,0,3
270,19,3.0,6.0,0.5,8.0,0.6,1.5,4
271,16,5.0,2.0,1.0,8.0,2.0,N,3
272,17,7.0,5.0,0.5,7.0,2.0,2,3
273,18,1.0,2.0,0.0,10.0,1.0,0.5,2
274,20,5.0,1.0,1.0,8.0,3.0,0,3
275,20,3.0,9.0,1.0,6.0,1.0,0,1
276,20,1.0,3.0,1.0,9.0,4.0,0,2
277,22,3.0,3.0,0.0,8.0,2.0,1,3
278,16,7.0,2.0,1.0,6.0,2.0,0,3
279,19,2.0,1.0,1.0,7.0,5.0,1,4
280,17,9.0,5.0,1.0,6.0,1.0,0,3
281,20,0.0,1.0,0.0,9.0,5.0,2,4
282,21,0.0,6.0,0.0,6.0,4.0,2,3
283,19,2.0,3.0,1.0,8.0,1.0,2,4
284,17,8.0,2.0,1.0,9.0,0.0,0,3
285,25,1.0,3.0,1.0,7.0,3.0,2,3
286,20,3.0,2.0,0.5,8.0,3.0,0,3
287,19,5.0,5.0,1.0,7.0,2.0,3,3
288,23,5.0,5.0,1.0,8.0,1.0,2,3
289,22,2.0,8.0,1.0,8.0,2.0,1,2
290,22,4.0,1.0,1.0,8.0,4.0,1,3
291,21,3.0,3.0,2.0,6.5,2.0,2,2
292,22,1.0,3.0,1.0,8.0,1.0,0,2
293,24,3.0,4.0,0.0,6.0,3.0,4,3
294,14,3.0,6.0,3.0,7.0,3.0,1,2
295,16,4.0,3.0,0.0,8.0,4.0,0,4
296,19,1.0,3.0,2.0,7.0,1.0,2,2
297,21,5.0,3.0,2.0,10.0,6.0,1,3
298,17,2.0,5.0,0.0,8.0,4.0,0,3
299,16,4.0,2.0,0.5,9.0,1.0,0.1,3
300,29,8.0,2.0,1.0,8.0,0.5,2,4
301,26,1.0,4.0,0.0,6.0,6.0,4,3
302,21,5.0,2.0,1.0,12.0,2.0,1,4
303,18,0.0,0.0,2.0,7.0,6.0,0,4
304,19,3.0,0.0,0.0,12.0,5.0,0,3
305,21,2.0,2.0,1.0,10.0,2.0,0.25,3
306,12,1.0,3.0,2.0,8.0,2.0,1,4
307,26,0.0,1.0,1.0,7.0,1.0,2,2
308,20,6.0,6.0,0.0,6.0,3.0,0,4
309,16,4.0,2.0,1.0,9.0,2.0,1,2
310,21,0.0,2.0,0.0,10.0,5.0,1,3
311,21,5.0,2.0,0.0,8.0,0.5,1,2
312,20,6.0,4.0,0.0,7.0,1.0,0,3
313,21,0.0,2.0,1.0,7.0,1.0,0,4
314,21,2.0,2.0,1.0,7.0,1.0,4,3
315,19,1.0,0.0,0.0,12.0,10.0,2,2
316,21,2.0,2.0,0.0,8.0,2.0,1,3
317,14,5.0,2.3,0.0,8.0,2.0,3,2
318,22,1.0,2.0,0.0,11.0,3.0,3,2
319,19,2.0,2.5,0.0,9.0,2.0,1,3
320,18,4.0,1.0,1.0,12.0,1.0,1,2
321,16,8.0,6.0,0.0,6.0,1.0,0,4
322,43,2.0,0.0,1.0,6.0,2.0,0.5,3
323,15,4.0,10.0,0.0,8.0,1.0,1,3
324,32,1.0,10.0,1.0,8.0,2.0,0,3
325,15,3.0,3.0,1.0,7.0,1.0,2,2
326,21,3.0,3.0,1.0,8.0,2.0,0,3
327,15,5.0,3.0,3.0,8.0,3.0,2,3
328,34,2.0,3.0,1.0,7.0,2.0,1,3
329,17,0.75,5.0,1.0,6.0,2.0,2,1
330,12,1.0,2.0,1.0,9.0,2.0,1,3
331,16,1.0,2.0,1.0,7.0,2.0,3,3
332,17,7.0,8.0,1.0,6.0,1.0,1,3
333,14,2.5,1.0,0.5,6.0,2.0,1,2
334,16,4.0,5.0,1.0,6.0,2.0,2,2
335,13,2.0,1.0,3.0,11.0,3.0,2,4
336,23,0.0,2.0,0.0,7.0,3.0,0,3
337,21,6.0,0.0,1.0,7.0,4.0,1,4
338,31,4.0,2.0,1.0,8.0,1.0,1,3
339,23,5.0,1.0,1.0,9.0,2.0,0,4
340,13,1.0,5.0,3.0,6.0,2.0,2,7
341,21,3.0,0.0,1.0,8.0,3.0,0,3
342,23,3.0,3.0,0.0,7.0,2.0,0,3
343,20,1.0,2.5,0.0,6.0,4.0,1,3
344,13,0.5,2.0,2.0,10.0,2.0,0,3
345,14,2.0,1.0,1.0,8.0,1.0,2,1
346,40,1.0,2.0,1.0,6.0,4.0,0,2
347,12,1.0,1.2,0.5,10.0,0.0,2,3
348,20,3.0,2.0,1.0,8.0,4.0,0,3
349,12,1.0,2.0,0.5,8.0,2.0,2,4
350,21,3.0,3.0,0.0,8.0,2.0,0,4
351,42,4.0,3.0,0.0,7.0,1.0,0.5,2
352,20,3.0,4.0,2.0,7.0,4.0,0.5,4
353,23,3.0,1.0,0.0,6.0,2.0,3,3
354,12,2.0,2.0,1.0,10.0,1.0,1,4
355,17,2.0,3.0,1.0,6.0,2.0,2,1
356,18,1.0,1.0,0.0,8.0,4.0,0,3
357,20,1.0,2.0,2.0,9.0,4.0,5,2
358,17,5.0,3.0,1.0,6.0,1.0,2,1
359,20,1.0,4.0,0.0,8.0,3.0,0,3
360,20,3.0,4.0,1.0,8.0,2.0,0.5,4
361,19,0.75,2.0,1.0,6.0,4.0,0,2
362,20,4.0,2.0,0.0,11.0,1.0,0,3
363,16,2.0,5.0,1.0,8.0,4.0,4,3
364,13,3.0,2.0,0.0,8.0,1.0,0,3
365,20,0.0,4.0,1.0,7.0,4.0,2,3
366,14,3.0,2.0,0.0,10.0,1.0,1,2
367,17,2.0,1.0,1.0,8.0,3.0,2,3
368,20,1.0,1.0,0.0,12.0,2.0,1,3
369,17,7.0,1.0,1.0,4.0,1.0,0,1
370,13,2.0,1.0,1.0,6.0,2.0,0,1
371,13,1.0,2.0,1.0,8.0,3.0,0.5,3
372,20,2.0,4.0,1.0,8.0,2.0,0,3
373,27,0.0,2.0,0.0,10.0,6.0,6,3
374,20,1.0,0.0,1.0,7.0,2.0,0,3
375,20,5.0,3.0,1.0,7.0,4.0,0,3
376,17,4.0,1.0,1.0,8.0,5.0,0.3,2
377,27,3.0,2.0,2.0,7.0,1.0,0,3
378,9,1.0,1.0,0.0,8.0,0.0,1,3
379,14,5.0,1.0,1.0,7.0,1.0,4.5,2
380,36,2.0,3.0,1.0,7.0,5.0,3,3
381,8,2.0,2.0,1.0,8.0,1.0,2,3
382,20,2.0,1.0,1.0,7.0,1.0,1,2
383,12,2.0,1.0,1.0,7.0,2.0,2,2
384,19,8.0,10.0,1.0,6.0,1.0,0,4
385,24,0.0,3.0,1.0,8.0,3.0,0,3
386,20,2.0,2.0,2.0,8.0,3.0,0,3
387,22,1.0,3.0,0.0,7.0,3.0,2,3
388,20,3.0,0.0,1.0,9.0,4.0,4,4
389,12,1.0,3.0,1.0,6.0,1.0,1,1
390,21,0.0,1.0,0.0,6.0,6.0,1,3
391,20,2.0,3.0,2.0,7.0,3.0,1,2
392,32,1.0,0.0,0.0,14.0,2.0,2,3
393,28,4.0,4.0,1.0,12.0,2.0,0,3
394,21,2.0,0.0,1.0,12.0,5.0,5,4
395,21,2.0,2.0,1.0,8.0,2.0,2,3
396,15,5.0,3.0,1.0,10.0,3.0,1,4
397,19,1.0,0.0,1.0,9.0,8.0,0,3
398,19,3.0,1.0,0.0,5.0,1.0,2,3
399,18,3.0,2.0,0.0,8.0,2.0,0.5,3
400,14,7.0,3.0,0.0,8.0,0.0,1,2
401,18,1.0,2.0,1.0,8.0,1.0,0,2
402,50,2.0,2.0,0.0,6.0,2.0,1,3
403,20,0.7,3.5,0.5,8.0,3.0,0.6,4
404,16,2.0,2.0,1.0,9.0,2.0,0.5,2
405,13,2.0,1.0,0.0,11.0,2.0,3,2
406,20,3.0,4.0,1.0,8.0,2.0,0,3
407,21,0.0,2.0,1.0,7.0,2.0,7,3
408,14,3.0,5.0,2.0,10.0,3.0,3,3
409,20,0.0,2.0,0.0,7.0,5.0,0,2
410,22,3.0,2.0,0.0,7.0,3.0,0,3
411,13,0.75,2.0,0.0,7.0,1.0,0,1
412,13,3.0,3.0,1.0,8.0,1.0,0.5,2
413,16,6.0,3.0,1.0,6.0,1.0,1,1
414,35,4.0,2.0,1.0,6.0,0.5,1,2
415,45,3.0,4.0,1.0,8.0,2.0,1,3
416,16,0.0,0.0,2.0,6.0,1.0,4,2
417,20,4.0,6.0,0.0,8.0,0.0,0,2
418,21,0.0,9.0,0.0,7.0,2.0,0,3
419,23,6.0,4.0,1.0,9.0,1.0,0,4
420,21,2.0,4.0,1.0,8.0,8.0,1,2
421,20,7.0,2.0,0.0,8.0,4.0,3,4
422,19,0.0,5.0,0.5,7.0,4.0,0,3
423,18,4.0,2.0,1.0,12.0,2.0,0,3
424,20,5.0,7.0,0.0,6.0,1.0,0,4
425,20,0.0,10.0,4.0,6.0,2.0,0,7
426,20,4.0,5.0,1.0,9.0,2.0,0,4
427,19,4.0,0.0,0.0,8.0,6.0,1,3
428,19,0.0,3.0,1.0,8.0,3.0,1,3
429,7,2.0,2.0,1.0,9.0,1.0,2,3
430,21,2.0,0.0,1.0,7.0,3.0,0,2
431,23,4.0,10.0,1.0,7.0,1.0,0,2
432,20,5.0,2.0,0.0,13.0,4.0,0,2
433,20,4.0,4.0,0.0,8.0,4.0,3,3
434,19,4.0,3.0,1.0,8.0,3.0,2,3
435,20,4.0,2.0,1.0,8.0,2.0,0,3
436,18,4.0,1.0,0.0,9.0,4.0,1,3
437,21,4.0,0.0,3.0,11.0,10.0,0,1
438,18,6.0,6.0,1.0,6.0,1.0,0.5,5
439,21,6.0,6.0,1.0,6.0,1.0,0,4
440,19,2.0,3.0,0.0,7.0,3.0,2,2
441,19,0.0,1.0,0.5,8.0,1.0,0,3
442,22,2.0,2.0,0.0,8.0,1.0,1,3
443,21,3.0,7.0,3.0,6.0,1.0,0,3
444,24,2.0,6.0,0.0,6.0,3.0,0.5,4
445,20,4.0,4.0,0.0,8.0,2.0,0,1
446,20,2.0,2.0,0.0,12.0,4.0,0,3
447,24,5.0,2.0,0.0,6.0,3.0,0,4
448,21,5.0,6.0,0.0,7.0,2.0,0.5,3
449,20,3.0,6.0,2.0,5.0,3.0,0,3
450,22,5.0,0.0,1.0,8.0,4.0,0,3
451,20,7.0,0.0,1.0,6.0,2.0,1,4
452,20,0.5,3.0,1.0,10.0,3.0,2,2
453,22,0.5,1.0,1.0,8.0,3.0,0,4
454,21,4.0,1.0,0.0,10.0,2.0,0,3
455,19,3.0,2.0,1.0,6.0,2.0,0,3
456,13,3.0,2.0,1.0,7.0,2.0,0,3
457,10,4.0,2.0,1.0,8.0,1.0,2,3
458,21,4.0,2.0,0.0,6.0,1.0,0,3
459,20,2.0,3.0,0.0,11.0,1.0,1,3
460,22,1.0,2.0,1.0,6.0,2.0,0,3
461,20,4.0,0.0,0.0,12.0,2.0,2,3
462,20,0.0,2.0,0.0,10.0,4.0,0,3
463,20,0.0,1.0,1.0,8.0,4.0,0,3
464,21,0.0,4.0,1.0,7.0,2.0,4,4
465,19,4.0,3.0,2.0,8.0,2.0,1,4
466,13,2.0,2.0,1.0,6.0,6.0,8,4
467,20,2.0,3.0,0.0,7.0,5.0,6,2
468,17,2.0,5.0,3.0,5.0,1.0,0.5,3
469,11,1.0,1.0,1.0,15.0,3.0,1,4
470,17,2.0,3.0,1.0,8.0,3.0,1,2
471,17,1.0,2.0,0.0,8.0,1.0,1,2
472,19,4.0,5.0,0.0,8.0,3.0,2,3
473,20,6.0,5.0,2.0,6.0,10.0,15,3
474,18,3.0,4.0,2.0,7.0,2.0,2,3
475,20,4.0,3.0,0.0,8.0,4.0,2,4
476,19,0.0,1.0,0.0,9.0,6.0,0,4
477,17,3.0,3.0,3.0,9.0,2.0,0,3
478,19,0.0,0.0,1.0,10.0,7.0,1,3
479,21,1.0,8.0,2.0,8.0,2.0,1,3
480,34,2.0,1.0,0.0,7.0,6.0,6,3
481,15,4.0,4.0,0.0,7.0,1.0,2,3
482,19,2.0,0.0,1.0,12.0,2.0,1,3
483,17,6.0,4.0,0.0,7.0,9.0,0.5,2
484,26,2.0,1.0,1.0,8.0,4.0,0,3
485,20,0.0,1.0,1.0,7.0,0.5,0.5,3
486,22,3.0,6.0,2.0,8.0,4.0,1,4
487,20,6.0,2.0,2.0,8.0,1.0,0,3
488,21,4.0,2.0,2.0,8.0,4.0,4,3
489,14,3.0,2.0,0.0,6.0,1.0,1,1
490,20,5.0,6.0,1.0,7.0,2.0,0,3
491,19,2.0,2.0,1.0,10.0,2.0,1,2
492,44,3.0,4.0,0.0,6.0,1.0,1,2
493,20,1.0,2.0,3.0,8.0,2.0,2,2
494,22,3.0,6.0,1.0,6.0,3.0,2,3
495,21,1.0,4.0,1.0,8.0,4.0,0,3
496,20,5.0,2.0,0.0,8.0,1.0,2,3
497,18,4.0,4.0,0.0,9.0,2.0,2,3
498,15,1.0,2.0,1.0,8.0,1.0,2,2
499,19,2.0,0.0,0.0,8.0,10.0,1,2
500,24,2.0,2.0,0.0,6.0,3.0,0,2
501,16,7.0,4.0,1.0,6.0,1.0,0,4
502,21,0.0,8.0,0.0,7.0,2.0,0.5,3
503,17,4.0,3.0,3.0,6.0,5.0,No tv,4
504,15,5.0,2.0,1.0,7.0,0.0,0,2
505,16,2.0,1.0,0.0,9.0,1.0,0,3
506,21,6.0,2.0,1.0,7.0,1.5,1.5,3
507,13,2.0,2.0,1.0,9.0,2.0,1,3
508,22,3.0,2.0,1.0,9.0,1.0,1,4
509,15,4.0,4.0,1.0,11.0,1.0,2,5
510,26,0.5,1.0,0.0,6.0,1.0,1,3
511,21,0.0,2.0,0.0,10.0,6.0,0,2
512,13,1.0,1.0,1.0,8.0,1.0,2,3
513,21,3.0,0.0,2.0,8.0,2.0,2,3
514,21,3.0,1.0,1.0,8.0,2.0,0,3
515,17,2.0,1.0,1.0,8.0,7.0,0,4
516,20,1.0,3.0,1.0,8.0,3.0,1,4
517,18,3.0,2.0,0.0,8.0,1.0,1,3
518,19,2.0,8.0,0.0,8.0,1.0,0,4
519,21,4.0,4.0,1.0,8.0,3.0,1,3
520,20,8.0,8.0,1.0,7.0,2.0,1,4
521,21,8.0,2.0,1.0,7.0,1.0,0,3
522,32,2.0,0.0,0.0,11.0,1.0,3,4
523,19,4.0,4.0,2.0,8.0,6.0,6,3
524,18,2.0,0.0,3.0,8.0,1.0,0,3
525,18,0.0,0.0,0.0,7.0,3.0,2,4
526,19,2.0,1.0,2.0,8.0,3.0,2,4
527,19,2.0,2.0,0.0,8.0,1.5,1,2
528,19,3.0,0.0,0.0,9.0,6.0,0,2
529,23,4.0,4.0,1.0,8.0,2.0,2,2
530,22,4.0,1.0,0.0,9.0,1.0,1,4
531,12,6.0,4.0,0.0,7.0,1.0,2,4
532,8,2.0,1.0,1.0,5.0,1.0,1,2
533,17,0.75,4.0,1.0,7.0,1.0,0.3,2
534,21,3.0,1.0,0.0,11.0,3.0,2,1
535,14,3.0,2.0,2.0,7.0,2.0,2,3
536,20,4.0,3.0,0.0,8.0,1.0,0,1
537,22,0.0,2.0,1.0,6.0,0.5,0,1
538,13,6.0,3.0,1.0,10.0,1.0,6,3
539,21,2.0,0.5,1.0,8.0,1.0,0,4
540,36,3.0,2.0,0.0,8.0,2.0,0,3
541,13,4.0,3.0,1.0,9.0,3.0,2,2
542,24,2.0,1.0,1.0,7.0,4.0,0,3
543,46,2.0,0.5,0.25,7.0,1.0,1,3
544,16,5.0,8.0,0.5,6.0,0.4,0,3
545,25,2.0,3.0,0.0,7.0,2.0,3,2
546,24,6.0,8.0,0.0,9.0,2.0,0,3
547,17,4.0,2.0,0.0,10.0,3.0,4,2
548,16,1.0,2.0,0.0,10.0,2.0,3,4
549,20,3.0,6.0,1.0,8.0,3.0,1,4
550,40,5.0,3.0,0.0,6.0,3.0,0,3
551,32,1.0,2.0,0.5,7.0,3.0,0,3
552,14,5.0,2.0,0.0,9.0,1.0,2,2
553,18,4.0,2.0,3.0,7.0,4.0,1,2
554,52,0.0,2.0,1.0,8.0,2.0,0,4
555,21,1.0,8.0,0.0,8.0,2.0,2,2
556,21,6.0,3.0,0.0,8.0,4.0,1,3
557,21,4.0,3.0,0.0,8.0,2.0,1,3
558,22,1.0,10.0,2.0,7.0,1.0,0,3
559,19,0.0,4.0,0.0,8.0,4.0,0,1
560,14,4.0,1.0,1.0,8.0,1.0,0.5,2
561,18,1.0,2.0,0.0,7.0,1.0,0,3
562,17,2.0,3.0,2.0,10.0,1.0,1,2
563,21,2.0,0.0,0.0,7.0,5.0,0,3
564,22,2.0,2.0,0.0,6.0,5.0,0,2
565,15,3.0,2.0,0.0,10.0,1.0,2,2
566,25,6.0,0.0,1.0,7.0,3.0,0,2
567,17,2.0,3.0,1.0,8.0,1.0,2,1
568,25,1.0,4.0,0.5,9.0,2.0,5,3
569,22,1.0,0.0,0.0,6.0,2.0,2,3
570,21,0.0,3.0,0.0,8.0,4.0,1,3
571,20,1.0,3.0,1.0,12.0,3.0,2,4
572,21,2.0,5.0,0.0,12.0,3.0, ,4
573,13,3.5,2.0,2.0,9.0,1.0,6,1
574,32,6.0,2.0,1.0,5.0,2.0,2,2
575,34,2.0,2.0,1.0,7.0,4.0,2,2
576,22,0.0,1.0,0.0,8.0,5.0,1.5,3
577,21,4.0,4.0,1.0,6.0,1.0,1,3
578,17,1.0,1.0,1.0,8.0,2.0,1,3
579,13,4.0,5.0,1.0,13.0,2.0,3,2
580,30,4.0,3.0,1.0,7.0,1.0,1,3
581,21,2.0,1.0,1.0,9.0,2.0,2,3
582,28,3.0,4.0,1.0,9.0,2.0,0,3
583,21,4.0,3.0,0.0,6.0,2.0,0,2
584,15,2.0,5.0,3.0,11.0,1.0,1,4
585,16,1.0,1.0,1.0,7.0,2.0,2,2
586,40,3.0,1.0,0.5,7.0,4.0,1,3
587,43,2.0,2.0,1.0,7.0,1.0,1,2
588,25,1.0,2.0,0.0,10.0,1.0,1,3
589,17,0.75,2.0,2.0,6.0,1.0,1,3
590,18,0.75,1.0,1.0,12.0,1.0,1,3
591,17,0.75,2.0,1.0,12.0,1.0,1,3
592,30,4.0,4.0,0.0,5.0,6.0,1,2
593,19,4.0,4.0,1.0,8.0,0.0,0,2
594,21,0.0,2.0,0.0,10.0,2.0,0,3
595,20,4.0,6.0,0.0,8.0,3.0,0,3
596,19,5.0,1.0,1.0,5.0,2.0,4,3
597,19,3.0,2.0,1.0,8.0,3.0,0,3
598,19,0.0,0.0,0.0,12.0,4.0,6,3
599,20,4.0,2.0,1.0,7.0,1.0,0,3
600,19,4.0,5.0,0.0,6.0,2.0,0,3
601,20,0.0,3.0,0.0,8.0,4.0,2,4
602,19,2.0,2.0,1.0,9.0,1.0,0,2
603,21,6.0,4.0,1.0,7.0,2.0,0,4
604,20,4.0,3.0,0.0,8.0,3.0,0,3
605,20,4.0,4.0,1.0,7.0,1.0,2,4
606,20,5.0,0.5,0.0,8.0,1.0,0.5,3
607,20,5.0,2.0,1.0,7.0,1.0,0,5
608,22,6.0,2.0,1.0,11.0,6.0,2,4
609,22,3.0,2.0,0.0,9.0,4.0,1,4
610,21,1.0,1.0,2.0,8.0,2.0,0.5,3
611,30,2.0,1.0,1.0,5.0,1.0,0,3
612,21,2.0,2.0,0.0,6.0,3.0,0,3
613,22,3.0,3.0,1.0,8.0,3.0,0,2
614,21,4.0,3.0,1.0,8.0,3.0,3,3
615,21,5.0,1.0,0.5,9.0,1.5,0,3
616,19,5.0,3.0,0.0,9.0,5.0,1,3
617,22,1.0,2.0,1.0,9.0,1.5,0.5,3
618,20,6.0,2.0,1.0,8.0,4.0,0,2
619,21,3.0,6.5,0.0,7.0,0.5,0,3
620,21,3.0,2.0,1.0,7.0,2.0,1,3
621,21,0.0,4.0,1.0,8.0,1.0,0,4
622,21,5.0,4.0,2.0,8.0,1.0,0,4
623,22,0.0,0.5,1.0,10.0,1.0,0,3
624,20,0.0,0.0,0.0,10.0,10.0,0,3
625,20,3.0,3.0,1.0,7.0,2.0,1,2
626,18,2.0,1.0,1.0,10.0,4.0,1,4
627,19,0.0,3.0,1.0,9.0,2.0,0,2
628,21,3.0,4.0,1.0,7.0,1.0,2,4
629,19,4.0,5.0,2.0,7.0,0.5,0,4
630,22,3.0,3.0,0.0,7.0,4.0,0,3
631,21,7.0,0.0,0.0,8.0,3.0,0,3
632,20,0.0,2.0,2.0,9.0,2.0,0.5,3
633,20,4.0,2.0,1.0,6.0,2.0,1,3
634,21,4.0,2.0,1.0,7.0,3.0,0,3
635,23,3.0,6.0,1.0,7.0,1.5,0.5,3
636,22,0.0,1.0,0.0,14.0,2.0,2,3
637,20,4.0,1.0,2.0,12.0,2.0,2,3
638,20,6.0,6.0,1.0,8.0,0.0,1,3
639,21,3.0,3.0,0.0,9.0,2.0,0,8
640,19,1.0,3.0,0.0,10.0,4.0,0,3
641,22,0.0,6.0,1.0,6.0,1.0,2,3
642,20,3.0,5.0,1.0,7.0,1.0,0,3
643,19,1.0,2.0,1.0,7.0,3.0,0,3
644,22,2.0,10.0,1.0,6.0,1.0,0,6
645,19,2.0,1.0,2.0,5.0,4.0,1,2
646,18,3.0,1.0,1.0,9.0,4.0,0.5,4
647,20,2.0,2.0,1.0,9.0,1.0,1,3
648,19,2.0,2.0,0.0,12.0,2.0,0,2
649,23,2.0,5.0,1.0,12.0,1.0,0,3
650,19,0.0,1.0,0.0,8.0,4.0,3,3
651,19,2.0,3.0,1.0,8.0,2.0,1,3
652,17,7.0,3.0,2.0,6.0,2.0,0,4
653,18,7.0,2.0,1.0,8.0,3.0,1,3
654,22,2.0,1.5,1.0,7.0,1.0,2,3
655,21,4.0,4.0,0.0,7.0,2.0,1,3
656,17,3.0,2.0,0.0,6.0,2.0,0,3
657,19,0.0,0.5,1.0,6.0,2.0,1,4
658,20,5.0,2.0,2.0,6.0,3.0,2,2
659,17,4.0,1.0,0.0,6.0,2.0,0,3
660,21,3.0,3.0,1.0,8.0,3.0,2,2
661,19,2.0,2.0,0.0,9.0,5.0,1,2
662,20,1.5,2.5,2.0,9.0,1.0,1.5,2
663,21,3.0,3.0,0.0,9.0,4.0,0.75,4
664,19,2.0,4.0,1.0,6.0,3.0,1,4
665,38,4.0,5.0,1.0,6.0,1.0,2,3
666,19,3.0,7.0,1.0,6.0,1.0,1,4
667,17,2.0,0.0,0.0,11.0,1.5,2,4
668,18,3.0,3.0,0.0,10.0,2.0,0,2
669,20,5.0,2.0,3.0,10.0,1.0,0.5,2
670,20,2.0,6.0,1.0,5.0,4.0,0.5,1
671,23,0.0,1.0,1.0,9.0,3.0,0,3
672,29,2.0,2.0,1.0,8.0,0.0,0,2
673,20,0.0,6.0,0.0,9.0,1.0,1,3
674,22,1.0,4.0,0.25,10.0,1.0,0,3
675,18,2.0,3.0,1.0,8.0,2.0,3,3
676,15,4.0,4.0,1.0,4.0,3.0,2,3
677,19,4.0,5.0,1.0,8.0,2.0,1,3
678,20,2.0,2.0,0.0,9.0,10.0,1,2
679,21,1.0,4.0,1.0,9.0,1.0,1,3
680,21,4.0,3.0,0.0,8.0,2.0,1,3
681,20,4.0,1.0,1.0,10.0,2.0,1,3
682,20,2.0,1.0,2.0,8.0,4.0,2,4
683,19,0.0,2.0,1.0,7.0,4.0,0,2
684,28,3.0,1.0,0.0,10.0,1.0,0,2
685,19,6.0,6.0,0.0,8.0,2.0,0.5,2
686,21,2.0,2.0,1.0,8.0,1.0,0,3
687,23,0.0,3.0,0.0,10.0,4.0,1,3
688,20,3.0,2.0,1.0,7.0,5.0,2,3
689,22,4.0,2.0,1.0,12.0,2.0,2,3
690,20,2.0,4.0,1.0,8.0,2.0,0,3
691,20,5.0,4.0,1.0,7.0,3.0,1,3
692,23,3.0,2.0,1.0,6.0,1.0,0,2
693,21,2.0,2.0,1.0,8.0,4.0,1,4
694,19,3.0,2.0,1.0,9.0,5.0,1,3
695,23,3.0,5.0,0.0,6.0,1.0,0,2
696,20,4.0,2.0,0.0,8.0,2.0,4,3
697,22,2.0,2.0,1.0,8.0,2.0,0,4
698,19,2.0,2.0,2.0,8.0,3.0,0,4
699,21,5.0,4.0,1.0,7.0,1.0,0,3
700,20,0.0,5.0,0.0,8.0,1.0, ,3
701,21,1.0,5.0,1.0,11.0,2.0,0,3
702,22,5.0,3.0,0.0,7.0,2.0,0,3
703,18,4.0,2.0,0.5,6.0,2.0,0,4
704,21,1.0,1.0,2.0,7.0,2.0,0,3
705,22,2.0,5.0,0.3,8.0,1.0,1,3
706,20,4.0,3.0,1.0,9.0,3.0,1,2
707,19,6.0,4.0,2.0,6.0,2.0,0,4
708,21,0.5,2.0,1.0,9.0,1.0,0,3
709,21,1.0,0.0,0.0,9.0,3.0,0,3
710,19,4.0,2.0,1.0,9.0,7.0,3,3
711,21,2.0,2.0,0.0,8.0,1.0,0,3
712,23,5.5,3.0,1.0,8.0,1.0,0,2
713,21,0.0,0.0,0.0,9.0,4.0,0,4
714,40,6.0,3.0,0.0,7.0,2.0,2,3
715,20,4.0,1.0,0.0,9.0,2.0,0,3
716,40,5.0,4.0,0.5,6.0,1.0,2,2
717,19,3.0,1.0,1.0,6.0,2.0,0,3
718,18,2.0,4.0,0.0,8.0,1.5,0,2
719,23,3.0,2.0,1.0,6.0,3.0,2,4
720,21,7.0,8.0,0.0,6.0,1.0,1,4
721,20,0.5,1.0,1.0,8.0,0.5,2.5,3
722,30,4.0,3.0,1.0,7.8,4.0,2,3
723,21,5.0,1.0,1.0,8.0,2.0,2,4
724,20,1.0,0.0,0.0,8.0,4.0,0,4
725,22,3.0,5.0,0.0,8.0,2.0,0,2
726,40,1.0,2.0,1.0,6.7,1.0,1,2
727,24,5.0,3.0,3.0,8.0,2.0,2,3
728,18,4.0,1.0,2.0,9.0,2.0,0.5,2
729,22,1.0,2.0,1.0,5.0,10.0,0,2
730,20,7.0,2.0,0.0,8.0,3.0,0,2
731,35,3.0,3.0,1.0,7.0,1.0,1,3
732,40,2.0,3.0,0.0,5.0,1.0,1,4
733,18,0.0,2.0,2.0,7.0,4.0,1,3
734,19,4.0,0.0,0.0,7.0,1.0,0,2
735,35,4.0,4.0,2.0,10.0,2.0,1,3
736,16,5.0,4.0,0.5,8.0,0.5,0,3
737,30,1.0,1.0,1.0,7.0,1.0,0,4
738,23,5.0,2.0,1.0,8.0,1.0,4,3
739,19,2.0,5.0,0.0,9.0,2.0,0.5,3
740,19,4.0,2.0,1.0,8.0,2.0,1,3
741,37,4.0,5.0,1.0,7.0,4.0,0,2
742,21,3.0,2.0,0.0,7.0,1.0,0,2
743,20,3.0,4.0,0.0,9.0,2.0,1,4
744,24,0.0,1.0,1.0,8.0,1.0,0,3
745,40,0.0,0.0,1.0,10.0,2.0,1,3
746,20,2.0,1.0,0.5,8.0,2.0,5,3
747,23,3.0,4.0,0.0,9.0,3.0,0,2
748,26,3.0,2.0,1.0,8.0,1.0,0,4
749,20,5.0,3.0,0.0,7.0,2.0,2,4
750,14,5.0,4.0,0.0,8.0,2.0,2,3
751,20,0.0,1.0,0.0,10.0,4.0,1,3
752,22,0.0,0.0,0.0,10.0,5.0,4,2
753,40,5.0,2.0,1.0,8.0,4.0,6,3
754,23,1.0,2.0,1.0,8.0,2.0,2,2
755,21,3.0,2.0,2.0,7.0,3.0,3,2
756,21,5.0,5.0,0.0,5.0,2.0,1,2
757,34,2.0,1.0,1.0,7.0,4.0,2,3
758,40,1.0,1.0,1.0,8.0,3.0,2,2
759,22,3.0,2.0,1.0,8.0,2.0,1,2
760,21,2.0,0.0,2.0,8.0,4.0,2,2
761,18,2.0,1.0,1.0,8.5,2.0,3,3
762,22,2.0,7.0,1.0,9.0,2.0,0,2
763,21,0.0,2.0,3.0,9.0,1.0,1,1
764,22,3.0,5.0,1.0,8.0,3.0,1,4
765,21,2.0,2.0,2.0,7.0,0.5,0,4
766,21,3.0,12.0,0.0,6.0,1.0,0,2
767,21,2.0,3.0,0.0,8.0,2.0,0,2
768,20,4.0,4.0,0.0,11.0,3.0,0,3
769,21,3.0,5.0,0.0,7.0,1.0,0,4
770,20,4.0,5.0,0.5,8.0,1.0,2,3
771,21,4.0,4.0,0.0,6.0,4.0,0,3
772,21,3.0,8.0,1.0,8.0,1.0,0,3
773,21,5.0,6.0,0.0,5.0,2.0,0,3
774,40,6.0,2.0,1.0,6.0,2.0,2,3
775,20,2.0,3.0,2.0,8.0,1.0,1,3
776,22,4.0,2.0,1.0,8.0,5.0,0,3
777,19,5.0,6.0,1.0,6.0,0.0,0,3
778,22,3.0,3.0,0.0,12.0,1.0,4,2
779,20,6.0,4.0,1.0,6.0,3.0,0.5,3
780,36,4.0,2.0,1.0,10.0,1.0,1,3
781,23,4.0,2.0,0.5,7.0,3.0,1,3
782,24,2.0,3.0,0.5,9.0,2.0,0,2
783,20,5.0,4.0,1.0,8.0,2.0,1,3
784,22,2.0,3.0,1.0,8.0,2.0,1,3
785,20,5.0,1.0,0.0,8.0,1.0,0.5,2
786,21,4.0,2.0,0.0,10.0,2.0,0,3
787,38,4.0,3.0,1.0,6.0,2.0,2,3
788,27,3.0,2.0,1.0,8.0,2.0,0.5,4
789,20,2.0,2.0,0.0,7.0,2.0,1,3
790,21,2.0,12.0,1.0,9.0,5.0,1,3
791,20,8.0,2.0,0.0,6.0,2.0,3,3
792,20,4.0,1.0,0.0,6.0,10.0,2,1
793,22,5.0,4.0,1.0,6.0,2.0,2,3
794,21,3.0,2.0,1.0,8.0,0.75,1,3
795,21,3.0,1.0,0.0,8.0,1.0,0,3
796,21,4.0,6.0,0.0,9.0,2.0,0,2
797,21,4.0,1.0,1.0,7.0,2.0,0,4
798,21,4.0,2.0,2.0,12.0,2.0,0,2
799,20,5.0,5.0,1.0,6.0,2.0,1,3
800,33,2.0,1.0,1.0,7.0,1.0,0,3
801,20,4.0,5.0,1.0,10.0,3.0,0,2
802,21,3.0,2.0,2.0,7.0,1.0,3,2
803,20,6.0,2.0,2.0,7.0,3.0,1,4
804,37,2.0,1.0,1.0,7.0,0.5,1,2
805,22,5.0,3.0,0.0,8.0,3.0,0,3
806,33,4.0,1.0,0.0,7.0,1.0,N,4
807,17,1.0,2.0,0.0,7.0,2.0,1,3
808,20,4.0,5.0,1.0,7.0,0.5,0,3
809,19,2.0,2.0,1.0,9.0,2.0,1,4
810,20,4.0,3.0,1.0,7.0,1.0,1,2
811,21,3.0,4.0,1.0,5.0,2.0,0,3
812,17,7.0,2.0,1.0,6.0,3.0,1,3
813,20,3.0,2.0,0.0,7.0,3.0,1,2
814,20,7.0,4.0,0.0,7.0,2.0,1,3
815,19,10.0,3.0,1.0,5.0,1.0,0.5,4
816,21,5.0,2.0,0.0,9.0,1.0,2,3
817,20,8.0,5.0,1.0,5.0,3.0,0.5,3
818,36,5.0,4.0,1.0,5.0,1.0,1,2
819,20,4.0,4.0,0.0,8.0,1.0,0,3
820,31,4.0,3.0,2.0,9.0,2.0,0,2
821,22,6.0,4.0,0.0,8.0,2.0,0.5,4
822,22,5.0,4.0,1.0,8.0,2.0,1,2
823,28,3.0,2.0,1.0,8.0,4.0,1,3
824,16,5.0,1.0,0.0,10.0,3.0,0,2
825,20,2.0,3.0,0.0,12.0,7.0,1.5,4
826,21,2.0,4.0,0.0,8.0,1.0,2,3
827,19,4.0,3.0,2.0,7.0,4.0,0,3
828,20,6.0,2.0,1.0,8.0,2.0,1,3
829,14,2.0,2.0,1.0,8.0,3.0,1,3
830,26,1.0,3.0,1.0,8.0,4.0,0,3
831,21,3.0,2.0,0.0,8.0,6.0,5,4
832,19,5.0,2.0,0.0,6.0,3.0,0,1
833,19,8.0,2.0,1.0,6.0,2.0,0,3
834,21,7.0,7.0,0.0,10.0,3.0,0,3
835,23,4.0,1.0,0.0,7.0,8.0,2,3
836,19,5.0,2.0,0.0,7.0,3.0,0,3
837,27,1.0,2.0,0.0,8.0,3.0,2,3
838,33,3.0,1.0,0.0,6.0,1.0,4,2
839,21,5.0,3.0,1.0,11.0,3.0,2,3
840,21,2.0,3.0,0.0,8.0,4.0,1,3
841,24,0.0,1.0,0.0,5.0,4.0,6,3
842,23,0.0,0.0,0.0,8.0,3.0,0,1
843,20,5.0,1.0,1.0,8.0,1.0,1,4
844,29,10.0,7.0,1.0,6.0,7.0,2,2
845,20,4.0,1.0,1.0,10.0,5.0,0.3,3
846,21,1.0,5.0,0.0,7.0,2.0,2,2
847,21,6.0,2.0,1.0,8.0,5.0,2,2
848,19,7.0,1.0,1.0,5.0,6.0,1,3
849,19,5.0,6.0,2.0,5.0,4.0,0,3
850,39,2.0,1.0,1.0,7.0,1.0,0.5,3
851,20,3.0,2.0,0.0,8.0,1.0,1,3
852,19,5.0,2.0,0.5,8.0,2.0,1,3
853,23,2.0,6.0,2.0,7.0,4.0,2,4
854,21,5.0,2.0,0.0,10.0,2.0,0.5,3
855,10,5.0,2.0,1.0,9.0,1.5,1,4
856,14,5.0,1.0,1.0,9.0,1.0,4,3
857,9,5.0,2.0,0.6,7.0,1.0,0,4
858,22,4.0,3.0,1.0,7.0,1.0,2,3
859,13,4.0,2.0,0.0,10.0,3.0,0,4
860,23,2.0,2.0,1.0,6.0,3.0,0,3
861,13,5.0,1.0,0.6,7.0,4.0,2,4
862,21,1.0,3.0,1.0,10.0,3.0,1,3
863,34,3.0,6.0,0.0,6.0,1.0,1,3
864,14,9.0,2.0,1.0,9.0,1.0,0,2
865,32,2.0,2.0,1.0,6.0,1.0,0,1
866,21,3.0,2.0,1.0,8.0,6.0,3,2
867,19,3.0,0.0,1.0,6.0,4.0,1,3
868,14,5.0,3.0,1.0,6.0,4.0,0,2
869,22,1.0,1.0,0.0,9.0,3.0,0,3
870,26,9.0,2.0,0.0,5.0,3.0,1,3
871,21,2.0,2.0,0.0,7.0,1.0,1,3
872,22,1.0,6.0,0.0,6.0,2.0,0,2
873,21,2.0,3.0,1.0,8.0,6.0,2,3
874,40,5.0,4.0,1.0,7.0,6.0,2,3
875,15,2.0,2.0,0.0,11.0,5.0,0,3
876,16,3.0,3.0,0.0,10.0,5.0,3,4
877,20,4.0,3.0,1.0,8.0,5.0,2,4
878,22,2.0,1.0,0.0,8.0,4.0,0,2
879,22,4.0,6.0,0.0,8.0,5.0,1,3
880,23,2.0,7.0,0.0,7.0,4.0,1,4
881,21,4.0,10.0,1.0,7.0,3.0,0,3
882,17,3.0,2.0,1.0,8.0,5.0,3.5,1
883,24,0.0,10.0,1.0,8.0,1.0,0,3
884,19,1.0,0.0,0.0,8.0,6.0,2,2
885,23,10.0,1.0,0.0,8.0,8.0,1,3
886,21,6.0,2.0,1.0,7.0,3.0,1,3
887,14,6.0,2.0,0.0,8.3,1.0,2.5,3
888,14,3.0,1.0,0.0,8.0,3.0,1,4
889,23,2.0,6.0,1.0,7.0,2.0,1,3
890,33,2.0,1.0,0.0,6.0,1.0,0.5,2
891,11,4.0,2.0,0.0,9.0,1.0,0,3
892,20,3.0,2.0,1.0,10.0,2.0,0,4
893,23,2.0,2.0,0.3,8.0,1.0,N,3
894,18,0.0,0.0,2.0,12.0,1.0,0,7
895,21,4.0,8.0,0.0,6.0,1.0,0,2
896,38,2.0,4.0,0.0,7.0,3.0,1,3
897,20,5.0,5.0,0.0,8.0,3.0,0,2
898,11,2.0,1.0,0.0,10.0,3.0,2,3
899,22,0.0,4.0,1.0,7.0,3.0,0,3
900,21,8.0,1.0,1.0,9.0,2.0,0,3
901,26,0.0,0.0,0.0,12.0,2.0,2,2
902,23,2.0,1.0,1.0,7.5,1.0,2,3
903,19,3.0,5.0,1.0,6.0,1.0,0,2
904,21,5.0,3.0,1.0,8.0,4.0,0,4
905,20,4.0,3.0,0.0,9.0,2.0,1,2
906,19,1.0,2.0,0.0,8.0,1.0,0.3,3
907,20,4.0,2.0,0.0,10.0,1.0,0,3
908,19,2.0,3.0,0.5,8.0,2.0,1,3
909,17,4.0,2.0,1.0,10.0,6.0,4,4
910,20,10.0,2.0,1.0,8.0,5.0,0,3
911,20,4.0,2.0,1.0,8.0,2.0,0.1,4
912,27,4.0,2.0,0.0,7.0,8.0,4,3
913,18,7.0,4.0,0.0,9.0,2.0,0,2
914,18,8.0,2.0,0.25,7.0,1.5,1,3
915,19,6.0,4.0,1.0,6.0,5.0,2,3
916,18,5.0,0.0,0.0,7.0,1.0,0.5,3
917,20,4.0,2.0,1.0,8.0,2.0,0.1,4
918,19,6.0,2.0,0.0,8.0,2.0,0,3
919,19,6.0,5.0,1.0,7.0,3.0,0.3,4
920,18,8.0,0.0,1.0,6.0,5.0,0,2
921,18,4.0,0.0,1.0,8.0,2.0,0.3,3
922,19,8.0,2.0,2.0,8.0,5.0,1,2
923,26,1.0,1.0,0.0,8.0,3.0,0,3
924,18,8.0,3.0,1.0,5.0,4.0,2,2
925,19,2.0,2.0,1.0,8.0,3.0,2,1
926,18,5.0,2.0,0.0,6.0,1.0,0,3
927,21,2.0,1.0,0.0,12.0,3.0,0,2
928,19,0.0,8.0,0.0,8.0,10.0,0,3
929,23,2.0,2.0,2.0,7.0,5.0,2,2
930,22,4.0,2.0,0.0,9.0,3.0,1,2
931,19,8.0,4.0,0.0,6.0,1.0,2,2
932,19,6.0,2.0,0.0,8.0,10.0,0,4
933,18,6.0,4.0,0.0,7.0,3.0,0.3,4
934,12,0.0,3.0,1.0,8.0,1.0,2,2
935,18,5.0,3.0,2.0,8.0,3.0,0,3
936,19,4.0,3.0,0.0,8.0,2.0,0,3
937,19,6.0,2.0,2.0,6.0,3.0,0.3,2
938,20,3.0,2.0,0.0,7.0,3.0,0,4
939,26,4.0,2.0,0.0,7.0,2.0,0,3
940,20,3.0,2.0,1.0,8.0,1.0,1,4
941,23,4.0,2.0,1.0,7.0,3.0,1,3
942,26,4.0,3.0,1.0,7.0,2.0,1,3
943,19,4.0,2.0,0.5,8.0,2.0,1,2
944,22,0.0,2.0,1.0,9.0,2.0,2,2
945,23,3.0,4.0,1.0,8.0,3.0,2,3
946,20,2.0,3.0,1.0,6.0,2.0,3,2
947,29,5.0,3.0,1.0,8.0,2.0,2,3
948,28,5.0,4.0,1.0,10.0,2.0,1,3
949,32,3.0,2.0,0.0,6.0,2.0,0.3,3
950,21,0.0,1.0,2.0,7.0,2.0,0.5,4
951,24,1.0,3.0,2.0,8.0,2.0,0,2
952,25,0.0,4.0,1.0,8.0,2.0,0,2
953,32,4.0,4.0,1.0,6.0,0.3,0,3
954,35,1.0,3.0,1.0,7.0,2.0,0,2
955,27,0.0,2.0,0.0,8.0,2.0,2,3
956,36,3.0,2.0,0.0,10.0,2.0,0,3
957,22,5.0,1.0,1.0,8.0,1.0,0.5,3
958,20,6.0,4.0,1.0,6.0,1.0,0,3
959,16,4.0,2.0,0.0,9.0,2.0,0,2
960,38,2.0,3.0,1.0,5.0,3.0,0,3
961,24,2.0,0.0,1.0,9.0,5.0,3,4
962,25,0.0,2.0,0.0,7.0,5.0,0,3
963,20,2.0,8.0,1.0,6.0,1.0,0,3
964,22,2.0,1.0,0.0,9.0,3.0,2,2
965,23,4.0,3.0,1.0,8.0,2.0,0,4
966,24,2.0,6.0,0.0,12.0,4.0,0,4
967,20,0.0,0.0,2.0,9.0,2.0,0.5,3
968,20,5.0,4.0,1.0,8.0,1.5,1,3
969,19,3.0,3.0,0.0,8.0,3.0,0,3
970,18,4.0,1.0,1.0,10.0,3.0,1,4
971,20,5.0,3.0,0.5,10.0,3.0,2,3
972,21,6.0,4.0,1.0,8.0,2.0,0.5,3
973,20,2.0,1.0,0.0,6.0,1.0,2,3
974,20,2.0,2.0,1.0,8.0,2.0,3,3
975,21,4.0,2.0,0.0,8.0,0.5,4,3
976,22,2.0,2.0,1.0,8.0,3.0,0.5,3
977,22,2.0,3.0,1.0,10.0,4.0,2,4
978,21,0.0,1.0,0.0,7.0,0.0,0,2
979,19,4.0,3.0,0.0,10.0,4.0,N,2
980,18,2.0,2.0,1.0,8.0,1.3,2,4
981,20,3.0,2.0,0.0,6.0,3.0,0,2
982,20,3.0,3.0,1.0,11.0,3.0,0,3
983,18,0.0,3.0,1.0,7.0,2.0,1,4
984,31,8.0,1.0,0.0,8.0,2.0,1,2
985,18,6.0,2.0,0.0,8.0,1.0,0.5,2
986,20,3.0,2.0,0.0,9.0,5.0,0,4
987,33,4.0,2.0,1.0,6.0,4.0,1,3
988,24,2.0,4.0,0.0,6.0,3.0,0,4
989,17,5.0,0.5,0.3,7.5,0.5,0.3,3
990,15,4.0,3.0,0.0,8.0,2.0,1,3
991,17,4.0,5.0,2.0,7.0,0.4,0.5,3
992,16,4.0,3.0,1.0,8.0,5.0,5,3
993,15,8.0,4.0,0.0,5.0,2.0,1,3
994,16,8.0,5.0,0.0,9.0,1.0,0,2
995,15,7.0,3.0,2.0,6.0,0.0,1,3
996,16,5.0,1.0,2.0,10.0,1.5,0,3
997,16,4.0,4.0,1.0,7.0,2.0,0,3
998,16,7.0,3.0,0.0,8.0,0.5,0,2
999,30,2.0,0.0,1.0,8.0,1.0,8,4
1000,16,5.0,2.0,0.5,7.0,1.0,2,3
1001,15,5.0,4.0,1.0,8.0,2.0,1,3
1002,16,4.0,8.0,1.0,8.0,0.5,0.5,4
1003,15,4.0,4.0,0.0,5.0,4.0,0,3
1004,15,4.0,4.0,1.0,7.0,2.0,1,4
1005,15,8.0,2.0,0.0,8.0,1.0,0,3
1006,16,7.0,2.0,0.0,8.0,0.5,1.5,3
1007,15,3.0,4.0,0.5,7.0,1.0,1.5,4
1008,16,8.0,1.0,0.3,8.0,0.0,0,2
1009,16,7.0,3.0,0.0,8.0,3.0,2,2
1010,15,4.0,4.0,1.0,7.0,1.0,1.5,3
1011,16,8.0,8.0,0.0,7.0,2.0,0,3
1012,16,8.0,4.0,0.0,5.0,8.0,3,3
1013,16,8.0,4.0,0.0,7.0,2.0,0,2
1014,16,4.0,4.0,1.0,7.0,2.0,1,2
1015,16,7.0,3.0,0.0,7.0,2.0,1,2
1016,16,6.0,1.0,0.5,9.0,1.0,1,2
1017,17,6.0,1.0,0.0,8.0,1.0,0,2
1018,16,8.0,5.0,1.0,8.0,1.0,1,3
1019,16,4.0,1.0,1.0,9.0,2.0,0.4,4
1020,15,9.0,10.0,0.5,6.0,0.0,2,3
1021,17,3.0,6.0,0.0,8.0,2.0,0,3
1022,16,6.0,3.0,1.0,10.0,1.0,0.5,3
1023,16,8.0,0.0,0.0,6.0,6.0,0,3
1024,16,8.0,1.0,0.0,8.0,1.0,2,2
1025,15,5.0,3.0,1.0,9.0,3.0,0,3
1026,16,4.0,3.0,1.0,8.0,1.0,1,4
1027,17,4.0,0.0,1.0,7.0,1.0,3,4
1028,25,5.0,1.0,3.0,6.0,5.0,0,3
1029,20,0.0,6.0,1.0,9.0,3.0,0,3
1030,16,5.0,2.0,1.0,8.0,1.0,4,2
1031,16,4.0,5.0,1.0,7.0,1.0,1,3
1032,15,5.0,2.0,2.0,6.0,0.5,2,3
1033,16,4.0,2.0,2.0,6.0,5.0,0,4
1034,24,6.0,6.0,0.0,7.0,2.0,No tv,3
1035,16,5.0,1.0,1.0,11.0,0.0,2,3
1036,16,5.0,4.0,0.0,6.0,1.0,0,3
1037,16,5.0,2.0,1.0,10.0,1.0,0.5,3
1038,15,6.0,1.0,1.0,9.0,1.0,2,3
1039,17,2.0,8.0,3.0,5.0,0.0,1,4
1040,16,5.0,8.0,2.0,5.0,2.0,0,4
1041,12,5.0,1.0,0.0,7.0,4.0,0,2
1042,14,4.0,2.0,1.0,9.0,1.0,2,3
1043,13,4.0,3.0,0.25,8.0,1.0,0.5,1
1044,12,5.0,5.0,0.0,6.0,1.0,2,2
1045,15,6.0,11.0,0.25,7.0,5.0,0,4
1046,13,5.0,4.0,1.0,8.0,0.0,0.5,4
1047,12,4.0,1.0,1.0,9.0,1.0,3,3
1048,13,6.0,2.0,2.0,6.0,1.0,1,1
1049,16,4.0,1.0,1.0,7.0,1.0,3,2
1050,12,4.0,2.0,1.0,6.0,0.0,2,2
1051,14,4.0,3.5,0.0,9.0,2.0,3,3
1052,13,8.0,3.0,1.0,13.0,1.0,2,2
1053,13,6.0,2.0,0.0,5.0,1.0,0,3
1054,14,6.0,8.0,1.0,8.0,1.0,0.1,2
1055,14,4.0,0.0,1.0,9.0,3.0,1,3
1056,14,6.0,3.0,1.0,7.0,1.0,1,4
1057,14,6.0,2.0,1.0,4.0,1.0,2,3
1058,14,4.0,2.0,2.0,12.0,1.0,2,3
1059,13,5.0,4.0,1.0,8.0,1.0,0,2
1060,18,7.0,4.0,0.0,6.0,1.0,0,2
1061,13,3.0,4.0,1.0,7.0,1.0,3,3
1062,14,6.0,3.0,1.0,10.0,1.0,2,4
1063,13,3.0,1.0,2.0,7.0,3.0,2,3
1064,13,4.0,2.0,1.0,8.0,2.0,5,3
1065,12,5.5,2.0,1.0,7.0,3.0,1,2
1066,11,4.0,2.0,0.0,11.0,1.0,2,2
1067,12,6.0,2.0,0.5,9.0,1.0,1,3
1068,13,2.0,2.0,1.0,6.0,1.0,0,2
1069,14,6.0,3.0,1.0,6.0,1.0,1,3
1070,16,4.0,2.0,0.0,5.0,1.0,1,3
1071,13,5.0,3.0,1.0,8.0,2.0,1,2
1072,12,4.0,1.0,1.0,8.0,2.0,0.5,2
1073,15,8.0,1.5,0.5,8.0,0.5,0.3,3
1074,14,5.0,2.0,0.0,9.0,0.5,0.5,4
1075,14,3.0,1.0,1.0,10.0,1.0,2,2
1076,15,4.0,2.0,1.0,9.0,0.5,2,4
1077,17,6.0,3.0,1.0,7.0,1.0,1,2
1078,22,5.0,4.0,0.0,8.0,3.0,0,2
1079,13,6.0,2.0,0.0,11.0,1.0,0.5,3
1080,11,5.0,2.0,1.0,8.0,1.0,0.5,1
1081,13,4.0,1.0,0.5,7.0,1.0,2,4
1082,14,5.0,2.0,0.0,12.0,2.0,1,3
1083,12,6.0,2.0,2.0,8.0,7.0,2,3
1084,13,4.0,4.0,1.0,8.0,0.0,1,2
1085,12,4.0,2.0,1.0,8.0,0.0,3,4
1086,13,6.0,7.0,0.0,5.0,0.0,0,3
1087,14,6.0,1.0,2.0,7.0,1.0,1,4
1088,14,6.0,2.0,1.0,8.0,1.0,1,1
1089,12,6.0,5.0,1.0,8.0,2.0,1,2
1090,14,6.0,2.0,0.5,10.0,1.0,1,3
1091,14,3.0,5.0,2.0,12.0,0.25,0,3
1092,12,4.0,3.0,2.0,10.0,1.0,1,4
1093,14,4.0,2.0,1.0,6.0,1.0,1,2
1094,13,6.0,3.0,1.0,8.0,2.0,2,3
1095,12,5.0,2.0,1.0,12.0,0.0,1,3
1096,13,5.0,4.0,1.0,8.0,1.0,1.5,3
1097,12,4.0,1.5,0.0,9.0,5.0,1,4
1098,13,6.0,2.0,0.5,9.0,1.0,3,4
1099,12,6.0,3.0,1.0,9.0,1.0,1,4
1100,12,5.0,2.0,0.0,8.0,2.0,1,3
1101,13,6.0,2.0,1.0,6.0,1.0,2,3
1102,16,7.5,4.5,0.0,6.0,0.5,2,4
1103,13,5.0,6.0,1.0,6.0,0.0,0,4
1104,13,4.0,4.0,1.0,8.0,1.0,2,3
1105,15,5.0,2.0,1.0,13.0,1.0,1,2
1106,12,6.0,3.0,1.0,9.0,4.0,3,4
1107,13,8.0,2.0,1.0,7.0,1.0,1,3
1108,15,5.0,4.0,1.0,7.0,2.0,0,4
1109,13,3.0,1.0,0.5,8.0,3.0,1,3
1110,12,3.0,4.0,1.0,8.0,1.0,2,3
1111,14,6.0,4.0,1.0,9.0,1.0,1,4
1112,13,4.0,0.0,0.5,8.0,3.0,2,4
1113,14,5.0,3.5,1.0,8.0,0.5,1,4
1114,13,5.0,2.0,0.5,7.0,1.0,1,3
